{"filt_val/labelled_residues": 186.14643545279384, "filt_val/residues": 187.38728323699422, "filt_val/labelled_frac": 0.994355989559078, "filt_val/loss": 0.08575494672119732, "dom_filt_val/prediction_time": 0.07335485704602074, "dom_filt_val/labelled_residues": 186.14643545279384, "dom_filt_val/residues": 187.38728323699422, "dom_filt_val/labelled_frac": 0.994355989559078, "dom_filt_val/loss": 0.08575494672119732, "dom_filt_val/ndo": 0.9769494875162724, "dom_filt_val/n_domains": 1.369942196531792, "dom_filt_val/d_count_acc": 0.9614643545279383, "dom_filt_val/d_count_dev": 0.04046242774566474, "dom_filt_val/boundary_dist_score": 0.9123334136159278, "dom_filt_val/likelihood_score": 0.008220423561679235, "dom_filt_val/n_bounds": 2.439306358381503, "dom_filt_val_multi/prediction_time": 0.10835972963235317, "dom_filt_val_multi/labelled_residues": 262.38461538461536, "dom_filt_val_multi/residues": 264.81410256410254, "dom_filt_val_multi/labelled_frac": 0.9915987963859851, "dom_filt_val_multi/loss": 0.11410583811215101, "dom_filt_val_multi/ndo": 0.9508809841179147, "dom_filt_val_multi/n_domains": 2.230769230769231, "dom_filt_val_multi/d_count_acc": 0.9423076923076923, "dom_filt_val_multi/d_count_dev": 0.057692307692307696, "dom_filt_val_multi/boundary_dist_score": 0.7489115918803417, "dom_filt_val_multi/likelihood_score": 0.013145144824396127, "dom_filt_val_multi/n_bounds": 3.448717948717949, "dom_filt_val_many/prediction_time": 0.16928720474243164, "dom_filt_val_many/labelled_residues": 356.2, "dom_filt_val_many/residues": 358.9, "dom_filt_val_many/labelled_frac": 0.9918983002503713, "dom_filt_val_many/loss": 0.05690901118020217, "dom_filt_val_many/ndo": 0.9717862292666485, "dom_filt_val_many/n_domains": 3.2, "dom_filt_val_many/d_count_acc": 1.0, "dom_filt_val_many/d_count_dev": 0.0, "dom_filt_val_many/boundary_dist_score": 0.7322767857142858, "dom_filt_val_many/likelihood_score": 0.009234232611166014, "dom_filt_val_many/n_bounds": 4.433333333333334, "cath_test/prediction_time": 0.06353636077042817, "cath_test/labelled_residues": 158.97779111644658, "cath_test/residues": 161.59603841536614, "cath_test/labelled_frac": 0.9785597954584914, "cath_test/loss": 0.16220907812206062, "cath_test/ndo": 0.9514505805932941, "cath_test/n_domains": 1.2430972388955581, "cath_test/d_count_acc": 0.9327731092436975, "cath_test/d_count_dev": 0.06902761104441776, "cath_test/boundary_dist_score": 0.8997691933916432, "cath_test/likelihood_score": 0.020086995742654313, "cath_test/n_bounds": 2.452581032412965, "epoch": 10, "validation_dataset": "dom_filt_val", "validation_metric": "ndo"}