{"filt_val/labelled_residues": 185.96031746031747, "filt_val/residues": 187.19246031746033, "filt_val/labelled_frac": 0.9945018570574503, "filt_val/loss": 0.09332964211815066, "dom_filt_val/labelled_residues": 185.96031746031747, "dom_filt_val/residues": 187.19246031746033, "dom_filt_val/labelled_frac": 0.9945018570574503, "dom_filt_val/loss": 0.09332964211815066, "dom_filt_val/ndo": 0.9738572673798525, "dom_filt_val/n_domains": 1.371031746031746, "dom_filt_val/d_count_acc": 0.9503968253968254, "dom_filt_val/d_count_dev": 0.051587301587301584, "dom_filt_val/boundary_dist_score": 0.9437798209561601, "dom_filt_val/n_bounds": 2.4424603174603177, "dom_filt_val_multi/labelled_residues": 260.9477124183006, "dom_filt_val_multi/residues": 263.34640522875816, "dom_filt_val_multi/labelled_frac": 0.9917144565021291, "dom_filt_val_multi/loss": 0.12544569032254563, "dom_filt_val_multi/ndo": 0.9470615223081557, "dom_filt_val_multi/n_domains": 2.2222222222222223, "dom_filt_val_multi/d_count_acc": 0.9150326797385621, "dom_filt_val_multi/d_count_dev": 0.08496732026143791, "dom_filt_val_multi/boundary_dist_score": 0.8514326563958917, "dom_filt_val_multi/n_bounds": 3.4444444444444446, "dom_filt_val_many/labelled_residues": 355.14285714285717, "dom_filt_val_many/residues": 357.9642857142857, "dom_filt_val_many/labelled_frac": 0.9915530341012138, "dom_filt_val_many/loss": 0.09124234258862478, "dom_filt_val_many/ndo": 0.9608498605654766, "dom_filt_val_many/n_domains": 3.2142857142857144, "dom_filt_val_many/d_count_acc": 0.9285714285714286, "dom_filt_val_many/d_count_dev": 0.07142857142857142, "dom_filt_val_many/boundary_dist_score": 0.8185002125850339, "dom_filt_val_many/n_bounds": 4.464285714285714, "epoch": 17, "validation_dataset": "dom_filt_val", "validation_metric": "ndo"}